Secuencia,Nombre Archivo,Etiqueta
1,1000,HOY
2,10001,YO
3,10002,YO
4,10003,YO
5,10004,YO
6,10005,YO
7,10006,YO
8,10007,YO
9,10008,YO
10,10009,YO
11,1001,HOY
12,10010,YO
13,10011,YO
14,10012,YO
15,1002,HOY
16,1003,HOY
17,1004,HOY
18,1005,HOY
19,10082,NOMBRE
20,10083,NOMBRE
21,10084,NOMBRE
22,10085,NOMBRE
23,10086,NOMBRE
24,10087,NOMBRE
25,10093,NOMBRE
26,10094,NOMBRE
27,10095,NOMBRE
28,10096,NOMBRE
29,10097,NOMBRE
30,10098,NOMBRE
31,10149,HOLA1
32,10150,HOLA1
33,10151,HOLA1
34,10152,HOLA1
35,10153,HOLA1
36,10154,HOLA1
37,10155,HOLA1
38,10156,HOLA1
39,10157,HOLA1
40,10158,HOLA1
41,10159,HOLA1
42,10160,HOLA1
43,10211,HOLA2
44,10212,HOLA2
45,10213,HOLA2
46,10214,HOLA2
47,10215,HOLA2
48,10216,HOLA2
49,10217,HOLA2
50,10218,HOLA2
51,10219,HOLA2
52,10220,HOLA2
53,10221,HOLA2
54,10222,HOLA2
55,10287,QUE_PASO_?
56,10288,QUE_PASO_?
57,10289,QUE_PASO_?
58,10290,QUE_PASO_?
59,10291,QUE_PASO_?
60,10292,QUE_PASO_?
61,10293,QUE_PASO_?
62,10294,QUE_PASO_?
63,10295,QUE_PASO_?
64,10296,QUE_PASO_?
65,10297,QUE_PASO_?
66,10298,QUE_PASO_?
67,10378,GRACIAS
68,10379,GRACIAS
69,10380,GRACIAS
70,10381,GRACIAS
71,10382,GRACIAS
72,10383,GRACIAS
73,10384,GRACIAS
74,10385,GRACIAS
75,10386,GRACIAS
76,10387,GRACIAS
77,10388,GRACIAS
78,10389,GRACIAS
79,10453,MUCHO_GUSTO
80,10454,MUCHO_GUSTO
81,10455,MUCHO_GUSTO
82,10456,MUCHO_GUSTO
83,10457,MUCHO_GUSTO
84,10458,MUCHO_GUSTO
85,10459,MUCHO_GUSTO
86,10460,MUCHO_GUSTO
87,10461,MUCHO_GUSTO
88,10462,MUCHO_GUSTO
89,10463,MUCHO_GUSTO
90,10464,MUCHO_GUSTO
91,10561,SIENTESE
92,10562,SIENTESE
93,10563,SIENTESE
94,10564,SIENTESE
95,10565,SIENTESE
96,10566,SIENTESE
97,10567,SIENTESE
98,10568,SIENTESE
99,10569,SIENTESE
100,10570,SIENTESE
101,10571,SIENTESE
102,10572,SIENTESE
103,10655,BANO
104,10656,BANO
105,10657,BANO
106,10658,BANO
107,10659,BANO
108,10660,BANO
109,10661,BANO
110,10662,BANO
111,10663,BANO
112,10664,BANO
113,10665,BANO
114,10666,BANO
115,10734,HOY
116,10735,HOY
117,10736,HOY
118,10737,HOY
119,10738,HOY
120,10739,HOY
121,10740,HOY
122,10741,HOY
123,10742,HOY
124,10743,HOY
125,10744,HOY
126,10745,HOY
127,10806,CASA
128,10807,CASA
129,10808,CASA
130,10809,CASA
131,10810,CASA
132,10811,CASA
133,10812,CASA
134,10813,CASA
135,10814,CASA
136,10815,CASA
137,10816,CASA
138,10817,CASA
139,10870,ESCUCHAR
140,10871,ESCUCHAR
141,10872,ESCUCHAR
142,10873,ESCUCHAR
143,10874,ESCUCHAR
144,10875,ESCUCHAR
145,10876,ESCUCHAR
146,10877,ESCUCHAR
147,10878,ESCUCHAR
148,10879,ESCUCHAR
149,10880,ESCUCHAR
150,10881,ESCUCHAR
151,109,YO
152,10958,ATARDECER
153,10959,ATARDECER
154,10960,ATARDECER
155,10961,ATARDECER
156,10962,ATARDECER
157,10963,ATARDECER
158,10964,ATARDECER
159,10965,ATARDECER
160,10966,ATARDECER
161,10967,ATARDECER
162,10968,ATARDECER
163,10969,ATARDECER
164,10970,ATARDECER
165,10971,ATARDECER
166,10972,ATARDECER
167,10973,ATARDECER
168,10974,ATARDECER
169,10975,ATARDECER
170,110,YO
171,11054,COLOR
172,11055,COLOR
173,11056,COLOR
174,11057,COLOR
175,11058,COLOR
176,11059,COLOR
177,1108,CASA
178,1109,CASA
179,111,YO
180,1110,CASA
181,11102,PROFESOR
182,11103,PROFESOR
183,11104,PROFESOR
184,11105,PROFESOR
185,11106,PROFESOR
186,11107,PROFESOR
187,11108,PROFESOR
188,11109,PROFESOR
189,1111,CASA
190,11110,PROFESOR
191,11111,PROFESOR
192,11112,PROFESOR
193,11113,PROFESOR
194,1112,CASA
195,1113,CASA
196,11186,UNIVERSIDAD
197,11187,UNIVERSIDAD
198,11188,UNIVERSIDAD
199,11189,UNIVERSIDAD
200,11190,UNIVERSIDAD
201,11191,UNIVERSIDAD
202,11192,UNIVERSIDAD
203,11193,UNIVERSIDAD
204,11194,UNIVERSIDAD
205,11195,UNIVERSIDAD
206,11196,UNIVERSIDAD
207,11197,UNIVERSIDAD
208,112,YO
209,11274,TELEVISOR
210,11275,TELEVISOR
211,11276,TELEVISOR
212,11277,TELEVISOR
213,11278,TELEVISOR
214,11279,TELEVISOR
215,11280,TELEVISOR
216,11281,TELEVISOR
217,11282,TELEVISOR
218,11283,TELEVISOR
219,11284,TELEVISOR
220,11285,TELEVISOR
221,113,YO
222,11352,NOVIO
223,11353,NOVIO
224,11354,NOVIO
225,11355,NOVIO
226,11356,NOVIO
227,11357,NOVIO
228,11358,NOVIO
229,11359,NOVIO
230,11360,NOVIO
231,11361,NOVIO
232,11362,NOVIO
233,11363,NOVIO
234,114,YO
235,11438,PAPA
236,11439,PAPA
237,11440,PAPA
238,11441,PAPA
239,11442,PAPA
240,11443,PAPA
241,11450,PAPA
242,11451,PAPA
243,11452,PAPA
244,11453,PAPA
245,11454,PAPA
246,11455,PAPA
247,1146,CASA
248,1147,CASA
249,1148,CASA
250,1149,CASA
251,1150,CASA
252,1151,CASA
253,11525,MAMA
254,11526,MAMA
255,11527,MAMA
256,11528,MAMA
257,11529,MAMA
258,11530,MAMA
259,11531,MAMA
260,11532,MAMA
261,11533,MAMA
262,11534,MAMA
263,11535,MAMA
264,11536,MAMA
265,11590,TENER_POSESION
266,11591,TENER_POSESION
267,11592,TENER_POSESION
268,11593,TENER_POSESION
269,11594,TENER_POSESION
270,11595,TENER_POSESION
271,11596,TENER_POSESION
272,11597,TENER_POSESION
273,11598,TENER_POSESION
274,11599,TENER_POSESION
275,11600,TENER_POSESION
276,11601,TENER_POSESION
277,11656,TENER_CURIOSIDAD
278,11657,TENER_CURIOSIDAD
279,11658,TENER_CURIOSIDAD
280,11659,TENER_CURIOSIDAD
281,11660,TENER_CURIOSIDAD
282,11661,TENER_CURIOSIDAD
283,11662,TENER_CURIOSIDAD
284,11663,TENER_CURIOSIDAD
285,11664,TENER_CURIOSIDAD
286,11665,TENER_CURIOSIDAD
287,11666,TENER_CURIOSIDAD
288,11667,TENER_CURIOSIDAD
289,11800,YO
290,11801,YO
291,11802,YO
292,11803,YO
293,11804,YO
294,11805,YO
295,11806,YO
296,11807,YO
297,11808,YO
298,11809,YO
299,11810,YO
300,11811,YO
301,11876,NOMBRE
302,11877,NOMBRE
303,11878,NOMBRE
304,11879,NOMBRE
305,11880,NOMBRE
306,11881,NOMBRE
307,11882,NOMBRE
308,11883,NOMBRE
309,11884,NOMBRE
310,11885,NOMBRE
311,11886,NOMBRE
312,11887,NOMBRE
313,11954,HOLA1
314,11955,HOLA1
315,11956,HOLA1
316,11957,HOLA1
317,11958,HOLA1
318,11959,HOLA1
319,11960,HOLA1
320,11961,HOLA1
321,11962,HOLA1
322,11963,HOLA1
323,11964,HOLA1
324,11965,HOLA1
325,12016,HOLA2
326,12017,HOLA2
327,12018,HOLA2
328,12019,HOLA2
329,12020,HOLA2
330,12021,HOLA2
331,12022,HOLA2
332,12023,HOLA2
333,12024,HOLA2
334,12025,HOLA2
335,12026,HOLA2
336,12027,HOLA2
337,12118,QUE_PASO_?
338,12119,QUE_PASO_?
339,12120,QUE_PASO_?
340,12121,QUE_PASO_?
341,12122,QUE_PASO_?
342,12123,QUE_PASO_?
343,12124,QUE_PASO_?
344,12125,QUE_PASO_?
345,12126,QUE_PASO_?
346,12127,QUE_PASO_?
347,12128,QUE_PASO_?
348,12129,QUE_PASO_?
349,12351,MUCHO_GUSTO
350,12352,MUCHO_GUSTO
351,12353,MUCHO_GUSTO
352,12354,MUCHO_GUSTO
353,12355,MUCHO_GUSTO
354,12356,MUCHO_GUSTO
355,12357,MUCHO_GUSTO
356,12358,MUCHO_GUSTO
357,12359,MUCHO_GUSTO
358,12360,MUCHO_GUSTO
359,12361,MUCHO_GUSTO
360,12362,MUCHO_GUSTO
361,12446,SIENTESE
362,12447,SIENTESE
363,12448,SIENTESE
364,12449,SIENTESE
365,12450,SIENTESE
366,12451,SIENTESE
367,12452,SIENTESE
368,12453,SIENTESE
369,12454,SIENTESE
370,12455,SIENTESE
371,12456,SIENTESE
372,12457,SIENTESE
373,12548,BANO
374,12549,BANO
375,12550,BANO
376,12551,BANO
377,12552,BANO
378,12553,BANO
379,12554,BANO
380,12555,BANO
381,12556,BANO
382,12557,BANO
383,12558,BANO
384,12559,BANO
385,12634,HOY
386,12635,HOY
387,12636,HOY
388,12637,HOY
389,12638,HOY
390,12639,HOY
391,12640,HOY
392,12641,HOY
393,12642,HOY
394,12643,HOY
395,12644,HOY
396,12645,HOY
397,12716,CASA
398,12717,CASA
399,12718,CASA
400,12719,CASA
401,12720,CASA
402,12721,CASA
403,12722,CASA
404,12723,CASA
405,12724,CASA
406,12725,CASA
407,12726,CASA
408,12727,CASA
409,12813,ESCUCHAR
410,12814,ESCUCHAR
411,12815,ESCUCHAR
412,12816,ESCUCHAR
413,12817,ESCUCHAR
414,12818,ESCUCHAR
415,12819,ESCUCHAR
416,12820,ESCUCHAR
417,12821,ESCUCHAR
418,12822,ESCUCHAR
419,12823,ESCUCHAR
420,12824,ESCUCHAR
421,12906,ATARDECER
422,12907,ATARDECER
423,12908,ATARDECER
424,12909,ATARDECER
425,12910,ATARDECER
426,13029,COLOR
427,13030,COLOR
428,13031,COLOR
429,13032,COLOR
430,13033,COLOR
431,13034,COLOR
432,13035,COLOR
433,13036,COLOR
434,13037,COLOR
435,13038,COLOR
436,13039,COLOR
437,13040,COLOR
438,13120,PROFESOR
439,13121,PROFESOR
440,13122,PROFESOR
441,13123,PROFESOR
442,13124,PROFESOR
443,13125,PROFESOR
444,13126,PROFESOR
445,13127,PROFESOR
446,13128,PROFESOR
447,13129,PROFESOR
448,13130,PROFESOR
449,13131,PROFESOR
450,13232,UNIVERSIDAD
451,13233,UNIVERSIDAD
452,13234,UNIVERSIDAD
453,13235,UNIVERSIDAD
454,13236,UNIVERSIDAD
455,13237,UNIVERSIDAD
456,13238,UNIVERSIDAD
457,13239,UNIVERSIDAD
458,13240,UNIVERSIDAD
459,13241,UNIVERSIDAD
460,13242,UNIVERSIDAD
461,13243,UNIVERSIDAD
462,13334,TELEVISOR
463,13335,TELEVISOR
464,13336,TELEVISOR
465,13337,TELEVISOR
466,13338,TELEVISOR
467,13339,TELEVISOR
468,13340,TELEVISOR
469,13341,TELEVISOR
470,13342,TELEVISOR
471,13343,TELEVISOR
472,13344,TELEVISOR
473,13345,TELEVISOR
474,13426,NOVIO
475,13427,NOVIO
476,13428,NOVIO
477,13429,NOVIO
478,13430,NOVIO
479,13431,NOVIO
480,13432,NOVIO
481,13433,NOVIO
482,13434,NOVIO
483,13435,NOVIO
484,13436,NOVIO
485,13437,NOVIO
486,13524,PAPA
487,13525,PAPA
488,13526,PAPA
489,13527,PAPA
490,13528,PAPA
491,13529,PAPA
492,13530,PAPA
493,13531,PAPA
494,13532,PAPA
495,13533,PAPA
496,13534,PAPA
497,13535,PAPA
498,13607,MAMA
499,13608,MAMA
500,13609,MAMA
501,13610,MAMA
502,13611,MAMA
503,13612,MAMA
504,13613,MAMA
505,13614,MAMA
506,13615,MAMA
507,13616,MAMA
508,13617,MAMA
509,13618,MAMA
510,1380,ESCUCHAR
511,1381,ESCUCHAR
512,13814,TENER_POSESION
513,13815,TENER_POSESION
514,13816,TENER_POSESION
515,13817,TENER_POSESION
516,13818,TENER_POSESION
517,13819,TENER_POSESION
518,1382,ESCUCHAR
519,13820,TENER_POSESION
520,13821,TENER_POSESION
521,13822,TENER_POSESION
522,13823,TENER_POSESION
523,13824,TENER_POSESION
524,13825,TENER_POSESION
525,1383,ESCUCHAR
526,1384,ESCUCHAR
527,1385,ESCUCHAR
528,1386,ESCUCHAR
529,1387,ESCUCHAR
530,1388,ESCUCHAR
531,1389,ESCUCHAR
532,13898,TENER_CURIOSIDAD
533,13899,TENER_CURIOSIDAD
534,1390,ESCUCHAR
535,13900,TENER_CURIOSIDAD
536,13901,TENER_CURIOSIDAD
537,13902,TENER_CURIOSIDAD
538,13903,TENER_CURIOSIDAD
539,13904,TENER_CURIOSIDAD
540,13905,TENER_CURIOSIDAD
541,13906,TENER_CURIOSIDAD
542,13907,TENER_CURIOSIDAD
543,13908,TENER_CURIOSIDAD
544,13909,TENER_CURIOSIDAD
545,1391,ESCUCHAR
546,14490,GRACIAS
547,14491,GRACIAS
548,14492,GRACIAS
549,14493,GRACIAS
550,14494,GRACIAS
551,14495,GRACIAS
552,14496,GRACIAS
553,14497,GRACIAS
554,14498,GRACIAS
555,14499,GRACIAS
556,14500,GRACIAS
557,14501,GRACIAS
558,15149,ATARDECER
559,15150,ATARDECER
560,15151,ATARDECER
561,15169,ATARDECER
562,15170,ATARDECER
563,15171,ATARDECER
564,15172,ATARDECER
565,1528,ATARDECER
566,1529,ATARDECER
567,1530,ATARDECER
568,1531,ATARDECER
569,1532,ATARDECER
570,1533,ATARDECER
571,1534,ATARDECER
572,1535,ATARDECER
573,1536,ATARDECER
574,1537,ATARDECER
575,1538,ATARDECER
576,1539,ATARDECER
577,15422,YO
578,15423,YO
579,15424,YO
580,15425,YO
581,15426,YO
582,15427,YO
583,15428,YO
584,15429,YO
585,15430,YO
586,15431,YO
587,15432,YO
588,15433,YO
589,15486,NOMBRE
590,15487,NOMBRE
591,15488,NOMBRE
592,15489,NOMBRE
593,15490,NOMBRE
594,15491,NOMBRE
595,15492,NOMBRE
596,15493,NOMBRE
597,15494,NOMBRE
598,15495,NOMBRE
599,15496,NOMBRE
600,15497,NOMBRE
601,15576,HOLA1
602,15577,HOLA1
603,15578,HOLA1
604,15579,HOLA1
605,15580,HOLA1
606,15581,HOLA1
607,15582,HOLA1
608,15583,HOLA1
609,15584,HOLA1
610,15585,HOLA1
611,15586,HOLA1
612,15587,HOLA1
613,15630,HOLA2
614,15631,HOLA2
615,15632,HOLA2
616,15633,HOLA2
617,15634,HOLA2
618,15635,HOLA2
619,15636,HOLA2
620,15637,HOLA2
621,15638,HOLA2
622,15639,HOLA2
623,15640,HOLA2
624,15641,HOLA2
625,15737,QUE_PASO_?
626,15738,QUE_PASO_?
627,15739,QUE_PASO_?
628,15740,QUE_PASO_?
629,15741,QUE_PASO_?
630,15742,QUE_PASO_?
631,15743,QUE_PASO_?
632,15744,QUE_PASO_?
633,15745,QUE_PASO_?
634,15746,QUE_PASO_?
635,15747,QUE_PASO_?
636,15748,QUE_PASO_?
637,15823,GRACIAS
638,15824,GRACIAS
639,15825,GRACIAS
640,15826,GRACIAS
641,15827,GRACIAS
642,15828,GRACIAS
643,15829,GRACIAS
644,15830,GRACIAS
645,15831,GRACIAS
646,15832,GRACIAS
647,15833,GRACIAS
648,15834,GRACIAS
649,15885,MUCHO_GUSTO
650,15886,MUCHO_GUSTO
651,15887,MUCHO_GUSTO
652,15888,MUCHO_GUSTO
653,15889,MUCHO_GUSTO
654,15890,MUCHO_GUSTO
655,15891,MUCHO_GUSTO
656,15892,MUCHO_GUSTO
657,15893,MUCHO_GUSTO
658,15894,MUCHO_GUSTO
659,15895,MUCHO_GUSTO
660,15896,MUCHO_GUSTO
661,15981,SIENTESE
662,15982,SIENTESE
663,15983,SIENTESE
664,15984,SIENTESE
665,15985,SIENTESE
666,15986,SIENTESE
667,15987,SIENTESE
668,15988,SIENTESE
669,15989,SIENTESE
670,15990,SIENTESE
671,15991,SIENTESE
672,15992,SIENTESE
673,16096,BANO
674,16097,BANO
675,16098,BANO
676,16099,BANO
677,16100,BANO
678,16101,BANO
679,16102,BANO
680,16103,BANO
681,16104,BANO
682,16105,BANO
683,16106,BANO
684,16107,BANO
685,16185,HOY
686,16186,HOY
687,16187,HOY
688,16188,HOY
689,16189,HOY
690,16190,HOY
691,16191,HOY
692,16192,HOY
693,16193,HOY
694,16194,HOY
695,16195,HOY
696,16196,HOY
697,16249,CASA
698,16250,CASA
699,16251,CASA
700,16252,CASA
701,16253,CASA
702,16254,CASA
703,16255,CASA
704,16256,CASA
705,16257,CASA
706,16258,CASA
707,16259,CASA
708,16260,CASA
709,16335,ESCUCHAR
710,16336,ESCUCHAR
711,16337,ESCUCHAR
712,16338,ESCUCHAR
713,16339,ESCUCHAR
714,16340,ESCUCHAR
715,16341,ESCUCHAR
716,16342,ESCUCHAR
717,16343,ESCUCHAR
718,16344,ESCUCHAR
719,16345,ESCUCHAR
720,16346,ESCUCHAR
721,16436,ATARDECER
722,16437,ATARDECER
723,16438,ATARDECER
724,16439,ATARDECER
725,1644,COLOR
726,16440,ATARDECER
727,16441,ATARDECER
728,16442,ATARDECER
729,16443,ATARDECER
730,16444,ATARDECER
731,16445,ATARDECER
732,16446,ATARDECER
733,16447,ATARDECER
734,1645,COLOR
735,1646,COLOR
736,1647,COLOR
737,1648,COLOR
738,1649,COLOR
739,1650,COLOR
740,1651,COLOR
741,1652,COLOR
742,1653,COLOR
743,1654,COLOR
744,1655,COLOR
745,16570,COLOR
746,16571,COLOR
747,16572,COLOR
748,16573,COLOR
749,16574,COLOR
750,16575,COLOR
751,16576,COLOR
752,16577,COLOR
753,16578,COLOR
754,16579,COLOR
755,16580,COLOR
756,16581,COLOR
757,16680,PROFESOR
758,16681,PROFESOR
759,16682,PROFESOR
760,16683,PROFESOR
761,16684,PROFESOR
762,16685,PROFESOR
763,16686,PROFESOR
764,16687,PROFESOR
765,16688,PROFESOR
766,16689,PROFESOR
767,16690,PROFESOR
768,16691,PROFESOR
769,16770,UNIVERSIDAD
770,16771,UNIVERSIDAD
771,16772,UNIVERSIDAD
772,16773,UNIVERSIDAD
773,16774,UNIVERSIDAD
774,16775,UNIVERSIDAD
775,16776,UNIVERSIDAD
776,16777,UNIVERSIDAD
777,16778,UNIVERSIDAD
778,16779,UNIVERSIDAD
779,16780,UNIVERSIDAD
780,16781,UNIVERSIDAD
781,16854,TELEVISOR
782,16855,TELEVISOR
783,16856,TELEVISOR
784,16857,TELEVISOR
785,16858,TELEVISOR
786,16859,TELEVISOR
787,16860,TELEVISOR
788,16861,TELEVISOR
789,16862,TELEVISOR
790,16863,TELEVISOR
791,16864,TELEVISOR
792,16865,TELEVISOR
793,16976,NOVIO
794,16977,NOVIO
795,16978,NOVIO
796,16979,NOVIO
797,16980,NOVIO
798,16981,NOVIO
799,16982,NOVIO
800,16983,NOVIO
801,16984,NOVIO
802,16985,NOVIO
803,16986,NOVIO
804,16987,NOVIO
805,17073,PAPA
806,17074,PAPA
807,17075,PAPA
808,17076,PAPA
809,17077,PAPA
810,17078,PAPA
811,17079,PAPA
812,17157,MAMA
813,17158,MAMA
814,17159,MAMA
815,17160,MAMA
816,17161,MAMA
817,17162,MAMA
818,17163,MAMA
819,17164,MAMA
820,17165,MAMA
821,17166,MAMA
822,17167,MAMA
823,17168,MAMA
824,17350,TENER_POSESION
825,17351,TENER_POSESION
826,17352,TENER_POSESION
827,17353,TENER_POSESION
828,17354,TENER_POSESION
829,17355,TENER_POSESION
830,17356,TENER_POSESION
831,17357,TENER_POSESION
832,17358,TENER_POSESION
833,17359,TENER_POSESION
834,17360,TENER_POSESION
835,17361,TENER_POSESION
836,17428,TENER_CURIOSIDAD
837,17429,TENER_CURIOSIDAD
838,17430,TENER_CURIOSIDAD
839,17431,TENER_CURIOSIDAD
840,17432,TENER_CURIOSIDAD
841,17433,TENER_CURIOSIDAD
842,17434,TENER_CURIOSIDAD
843,17435,TENER_CURIOSIDAD
844,17436,TENER_CURIOSIDAD
845,17437,TENER_CURIOSIDAD
846,17438,TENER_CURIOSIDAD
847,17439,TENER_CURIOSIDAD
848,1762,PROFESOR
849,1763,PROFESOR
850,1764,PROFESOR
851,1765,PROFESOR
852,1766,PROFESOR
853,1767,PROFESOR
854,1768,PROFESOR
855,1769,PROFESOR
856,1770,PROFESOR
857,1771,PROFESOR
858,1772,PROFESOR
859,1773,PROFESOR
860,181,NOMBRE
861,182,NOMBRE
862,183,NOMBRE
863,184,NOMBRE
864,185,NOMBRE
865,186,NOMBRE
866,1901,UNIVERSIDAD
867,1902,UNIVERSIDAD
868,1903,UNIVERSIDAD
869,1904,UNIVERSIDAD
870,1905,UNIVERSIDAD
871,1906,UNIVERSIDAD
872,1907,UNIVERSIDAD
873,1908,UNIVERSIDAD
874,1909,UNIVERSIDAD
875,191,NOMBRE
876,1910,UNIVERSIDAD
877,1911,UNIVERSIDAD
878,1912,UNIVERSIDAD
879,192,NOMBRE
880,19248,PAPA
881,19249,PAPA
882,19250,PAPA
883,19251,PAPA
884,19252,PAPA
885,193,NOMBRE
886,194,NOMBRE
887,19468,YO
888,19469,YO
889,19470,YO
890,19471,YO
891,19472,YO
892,19473,YO
893,19474,YO
894,19475,YO
895,19476,YO
896,19477,YO
897,19478,YO
898,19479,YO
899,195,NOMBRE
900,19515,NOMBRE
901,19516,NOMBRE
902,19517,NOMBRE
903,19518,NOMBRE
904,19519,NOMBRE
905,19520,NOMBRE
906,19521,NOMBRE
907,19523,NOMBRE
908,19524,NOMBRE
909,19525,NOMBRE
910,19526,NOMBRE
911,19527,NOMBRE
912,196,NOMBRE
913,19603,HOLA1
914,19604,HOLA1
915,19605,HOLA1
916,19606,HOLA1
917,19607,HOLA1
918,19608,HOLA1
919,19609,HOLA1
920,19617,HOLA1
921,19618,HOLA1
922,19619,HOLA1
923,19620,HOLA1
924,19621,HOLA1
925,19668,HOLA2
926,19669,HOLA2
927,19670,HOLA2
928,19671,HOLA2
929,19672,HOLA2
930,19673,HOLA2
931,19674,HOLA2
932,19675,HOLA2
933,19676,HOLA2
934,19680,HOLA2
935,19681,HOLA2
936,19682,HOLA2
937,19781,QUE_PASO_?
938,19782,QUE_PASO_?
939,19783,QUE_PASO_?
940,19784,QUE_PASO_?
941,19785,QUE_PASO_?
942,19786,QUE_PASO_?
943,19787,QUE_PASO_?
944,19788,QUE_PASO_?
945,19789,QUE_PASO_?
946,19790,QUE_PASO_?
947,19791,QUE_PASO_?
948,19792,QUE_PASO_?
949,19869,GRACIAS
950,19870,GRACIAS
951,19871,GRACIAS
952,19872,GRACIAS
953,19873,GRACIAS
954,19874,GRACIAS
955,19875,GRACIAS
956,19876,GRACIAS
957,19877,GRACIAS
958,19878,GRACIAS
959,19879,GRACIAS
960,19880,GRACIAS
961,19962,MUCHO_GUSTO
962,19963,MUCHO_GUSTO
963,19964,MUCHO_GUSTO
964,19965,MUCHO_GUSTO
965,19966,MUCHO_GUSTO
966,19967,MUCHO_GUSTO
967,19968,MUCHO_GUSTO
968,19969,MUCHO_GUSTO
969,19970,MUCHO_GUSTO
970,19971,MUCHO_GUSTO
971,19972,MUCHO_GUSTO
972,19973,MUCHO_GUSTO
973,20076,SIENTESE
974,20077,SIENTESE
975,20078,SIENTESE
976,20079,SIENTESE
977,20080,SIENTESE
978,20081,SIENTESE
979,20082,SIENTESE
980,20083,SIENTESE
981,20084,SIENTESE
982,20085,SIENTESE
983,20086,SIENTESE
984,20087,SIENTESE
985,20195,BANO
986,20196,BANO
987,20197,BANO
988,20198,BANO
989,20199,BANO
990,20200,BANO
991,20201,BANO
992,20202,BANO
993,20203,BANO
994,20204,BANO
995,20205,BANO
996,20206,BANO
997,2027,TELEVISOR
998,2028,TELEVISOR
999,2029,TELEVISOR
1000,2030,TELEVISOR
1001,2031,TELEVISOR
1002,2032,TELEVISOR
1003,20325,HOY
1004,20326,HOY
1005,20327,HOY
1006,20328,HOY
1007,20329,HOY
1008,20330,HOY
1009,20331,HOY
1010,20332,HOY
1011,20333,HOY
1012,20334,HOY
1013,20335,HOY
1014,20336,HOY
1015,2034,TELEVISOR
1016,2035,TELEVISOR
1017,2036,TELEVISOR
1018,2037,TELEVISOR
1019,2038,TELEVISOR
1020,2039,TELEVISOR
1021,20449,CASA
1022,20450,CASA
1023,20451,CASA
1024,20452,CASA
1025,20453,CASA
1026,20454,CASA
1027,20455,CASA
1028,20456,CASA
1029,20457,CASA
1030,20458,CASA
1031,20459,CASA
1032,20460,CASA
1033,20562,ESCUCHAR
1034,20563,ESCUCHAR
1035,20564,ESCUCHAR
1036,20565,ESCUCHAR
1037,20566,ESCUCHAR
1038,20567,ESCUCHAR
1039,20568,ESCUCHAR
1040,20569,ESCUCHAR
1041,20570,ESCUCHAR
1042,20571,ESCUCHAR
1043,20572,ESCUCHAR
1044,20573,ESCUCHAR
1045,20815,ATARDECER
1046,20816,ATARDECER
1047,20817,ATARDECER
1048,20818,ATARDECER
1049,20819,ATARDECER
1050,20820,ATARDECER
1051,20821,ATARDECER
1052,20822,ATARDECER
1053,20823,ATARDECER
1054,20824,ATARDECER
1055,20825,ATARDECER
1056,20826,ATARDECER
1057,20855,COLOR
1058,20856,COLOR
1059,20857,COLOR
1060,20858,COLOR
1061,20859,COLOR
1062,20860,COLOR
1063,20861,COLOR
1064,20862,COLOR
1065,20863,COLOR
1066,20864,COLOR
1067,20865,COLOR
1068,20866,COLOR
1069,20971,PROFESOR
1070,20972,PROFESOR
1071,20973,PROFESOR
1072,20974,PROFESOR
1073,20975,PROFESOR
1074,20976,PROFESOR
1075,20977,PROFESOR
1076,20978,PROFESOR
1077,20979,PROFESOR
1078,20980,PROFESOR
1079,20981,PROFESOR
1080,20982,PROFESOR
1081,21142,UNIVERSIDAD
1082,21143,UNIVERSIDAD
1083,21144,UNIVERSIDAD
1084,21145,UNIVERSIDAD
1085,21146,UNIVERSIDAD
1086,21147,UNIVERSIDAD
1087,21148,UNIVERSIDAD
1088,21149,UNIVERSIDAD
1089,21150,UNIVERSIDAD
1090,21151,UNIVERSIDAD
1091,21152,UNIVERSIDAD
1092,21153,UNIVERSIDAD
1093,21250,TELEVISOR
1094,21251,TELEVISOR
1095,21252,TELEVISOR
1096,21253,TELEVISOR
1097,21254,TELEVISOR
1098,21255,TELEVISOR
1099,21256,TELEVISOR
1100,21257,TELEVISOR
1101,21258,TELEVISOR
1102,21259,TELEVISOR
1103,21260,TELEVISOR
1104,21261,TELEVISOR
1105,21386,NOVIO
1106,21387,NOVIO
1107,21388,NOVIO
1108,21389,NOVIO
1109,21390,NOVIO
1110,21391,NOVIO
1111,21392,NOVIO
1112,21393,NOVIO
1113,21394,NOVIO
1114,21395,NOVIO
1115,21396,NOVIO
1116,21397,NOVIO
1117,21505,PAPA
1118,21506,PAPA
1119,21507,PAPA
1120,21508,PAPA
1121,21509,PAPA
1122,21510,PAPA
1123,21511,PAPA
1124,21512,PAPA
1125,21513,PAPA
1126,21514,PAPA
1127,21515,PAPA
1128,21516,PAPA
1129,2164,NOVIO
1130,2165,NOVIO
1131,21650,MAMA
1132,21651,MAMA
1133,21652,MAMA
1134,21653,MAMA
1135,21654,MAMA
1136,21655,MAMA
1137,21656,MAMA
1138,21657,MAMA
1139,21658,MAMA
1140,21659,MAMA
1141,2166,NOVIO
1142,21660,MAMA
1143,21661,MAMA
1144,2167,NOVIO
1145,2168,NOVIO
1146,2169,NOVIO
1147,2170,NOVIO
1148,2171,NOVIO
1149,2172,NOVIO
1150,2173,NOVIO
1151,2174,NOVIO
1152,2175,NOVIO
1153,21774,TENER_POSESION
1154,21775,TENER_POSESION
1155,21776,TENER_POSESION
1156,21777,TENER_POSESION
1157,21778,TENER_POSESION
1158,21779,TENER_POSESION
1159,21780,TENER_POSESION
1160,21781,TENER_POSESION
1161,21782,TENER_POSESION
1162,21783,TENER_POSESION
1163,21784,TENER_POSESION
1164,21785,TENER_POSESION
1165,21841,TENER_CURIOSIDAD
1166,21842,TENER_CURIOSIDAD
1167,21843,TENER_CURIOSIDAD
1168,21844,TENER_CURIOSIDAD
1169,21845,TENER_CURIOSIDAD
1170,21846,TENER_CURIOSIDAD
1171,21847,TENER_CURIOSIDAD
1172,21848,TENER_CURIOSIDAD
1173,21849,TENER_CURIOSIDAD
1174,21850,TENER_CURIOSIDAD
1175,21851,TENER_CURIOSIDAD
1176,21852,TENER_CURIOSIDAD
1177,22582,MUCHO_GUSTO
1178,22583,MUCHO_GUSTO
1179,22584,MUCHO_GUSTO
1180,22585,MUCHO_GUSTO
1181,22586,MUCHO_GUSTO
1182,22587,MUCHO_GUSTO
1183,2260,PAPA
1184,2261,PAPA
1185,2262,PAPA
1186,2263,PAPA
1187,2264,PAPA
1188,2265,PAPA
1189,2266,PAPA
1190,2267,PAPA
1191,2268,PAPA
1192,2269,PAPA
1193,2270,PAPA
1194,2271,PAPA
1195,23051,YO
1196,23052,YO
1197,23053,YO
1198,23054,YO
1199,23055,YO
1200,23056,YO
1201,23057,YO
1202,23058,YO
1203,23059,YO
1204,23060,YO
1205,23061,YO
1206,23062,YO
1207,23135,NOMBRE
1208,23136,NOMBRE
1209,23137,NOMBRE
1210,23138,NOMBRE
1211,23139,NOMBRE
1212,23140,NOMBRE
1213,23141,NOMBRE
1214,23142,NOMBRE
1215,23143,NOMBRE
1216,23144,NOMBRE
1217,23145,NOMBRE
1218,23146,NOMBRE
1219,23234,HOLA1
1220,23235,HOLA1
1221,23236,HOLA1
1222,23237,HOLA1
1223,23238,HOLA1
1224,23239,HOLA1
1225,23240,HOLA1
1226,23241,HOLA1
1227,23242,HOLA1
1228,23243,HOLA1
1229,23244,HOLA1
1230,23245,HOLA1
1231,23264,HOLA2
1232,23265,HOLA2
1233,23266,HOLA2
1234,23267,HOLA2
1235,23268,HOLA2
1236,23269,HOLA2
1237,23270,HOLA2
1238,23271,HOLA2
1239,23272,HOLA2
1240,23273,HOLA2
1241,23274,HOLA2
1242,23275,HOLA2
1243,2331,MAMA
1244,2332,MAMA
1245,2333,MAMA
1246,2334,MAMA
1247,2335,MAMA
1248,2336,MAMA
1249,23439,QUE_PASO_?
1250,2344,MAMA
1251,23440,QUE_PASO_?
1252,23441,QUE_PASO_?
1253,23442,QUE_PASO_?
1254,23443,QUE_PASO_?
1255,23444,QUE_PASO_?
1256,23445,QUE_PASO_?
1257,23446,QUE_PASO_?
1258,23447,QUE_PASO_?
1259,23448,QUE_PASO_?
1260,23449,QUE_PASO_?
1261,2345,MAMA
1262,23450,QUE_PASO_?
1263,2346,MAMA
1264,2347,MAMA
1265,2348,MAMA
1266,23483,GRACIAS
1267,23484,GRACIAS
1268,23485,GRACIAS
1269,23486,GRACIAS
1270,23487,GRACIAS
1271,23488,GRACIAS
1272,23489,GRACIAS
1273,2349,MAMA
1274,23490,GRACIAS
1275,23491,GRACIAS
1276,23492,GRACIAS
1277,23493,GRACIAS
1278,23494,GRACIAS
1279,23531,MUCHO_GUSTO
1280,23532,MUCHO_GUSTO
1281,23533,MUCHO_GUSTO
1282,23534,MUCHO_GUSTO
1283,23535,MUCHO_GUSTO
1284,23536,MUCHO_GUSTO
1285,23537,MUCHO_GUSTO
1286,23538,MUCHO_GUSTO
1287,23539,MUCHO_GUSTO
1288,23540,MUCHO_GUSTO
1289,23541,MUCHO_GUSTO
1290,23542,MUCHO_GUSTO
1291,23625,SIENTESE
1292,23626,SIENTESE
1293,23627,SIENTESE
1294,23628,SIENTESE
1295,23629,SIENTESE
1296,23630,SIENTESE
1297,23631,SIENTESE
1298,23632,SIENTESE
1299,23633,SIENTESE
1300,23634,SIENTESE
1301,23635,SIENTESE
1302,23636,SIENTESE
1303,23691,BANO
1304,23692,BANO
1305,23693,BANO
1306,23694,BANO
1307,23695,BANO
1308,23696,BANO
1309,23697,BANO
1310,23698,BANO
1311,23699,BANO
1312,23700,BANO
1313,23701,BANO
1314,23702,BANO
1315,23752,HOY
1316,23753,HOY
1317,23754,HOY
1318,23755,HOY
1319,23756,HOY
1320,23757,HOY
1321,23758,HOY
1322,23759,HOY
1323,23760,HOY
1324,23761,HOY
1325,23762,HOY
1326,23763,HOY
1327,23821,CASA
1328,23822,CASA
1329,23823,CASA
1330,23824,CASA
1331,23825,CASA
1332,23826,CASA
1333,23827,CASA
1334,23828,CASA
1335,23829,CASA
1336,23830,CASA
1337,23831,CASA
1338,23832,CASA
1339,23897,ESCUCHAR
1340,23898,ESCUCHAR
1341,23899,ESCUCHAR
1342,23900,ESCUCHAR
1343,23901,ESCUCHAR
1344,23902,ESCUCHAR
1345,23903,ESCUCHAR
1346,23904,ESCUCHAR
1347,23905,ESCUCHAR
1348,23906,ESCUCHAR
1349,23907,ESCUCHAR
1350,23908,ESCUCHAR
1351,23987,ATARDECER
1352,23988,ATARDECER
1353,23989,ATARDECER
1354,23990,ATARDECER
1355,23991,ATARDECER
1356,23992,ATARDECER
1357,23993,ATARDECER
1358,23994,ATARDECER
1359,23995,ATARDECER
1360,23996,ATARDECER
1361,23997,ATARDECER
1362,23998,ATARDECER
1363,24151,COLOR
1364,24152,COLOR
1365,24153,COLOR
1366,24154,COLOR
1367,24155,COLOR
1368,24156,COLOR
1369,24157,COLOR
1370,24158,COLOR
1371,24159,COLOR
1372,24160,COLOR
1373,24161,COLOR
1374,24162,COLOR
1375,24204,PROFESOR
1376,24205,PROFESOR
1377,24206,PROFESOR
1378,24207,PROFESOR
1379,24208,PROFESOR
1380,24209,PROFESOR
1381,24210,PROFESOR
1382,24211,PROFESOR
1383,24212,PROFESOR
1384,24213,PROFESOR
1385,24214,PROFESOR
1386,24215,PROFESOR
1387,24260,UNIVERSIDAD
1388,24261,UNIVERSIDAD
1389,24262,UNIVERSIDAD
1390,24263,UNIVERSIDAD
1391,24264,UNIVERSIDAD
1392,24265,UNIVERSIDAD
1393,24266,UNIVERSIDAD
1394,24267,UNIVERSIDAD
1395,24268,UNIVERSIDAD
1396,24269,UNIVERSIDAD
1397,24270,UNIVERSIDAD
1398,24271,UNIVERSIDAD
1399,24342,TELEVISOR
1400,24343,TELEVISOR
1401,24344,TELEVISOR
1402,24345,TELEVISOR
1403,24346,TELEVISOR
1404,24347,TELEVISOR
1405,24348,TELEVISOR
1406,24349,TELEVISOR
1407,24350,TELEVISOR
1408,24351,TELEVISOR
1409,24352,TELEVISOR
1410,24353,TELEVISOR
1411,24387,NOVIO
1412,24388,NOVIO
1413,24389,NOVIO
1414,2439,TENER_POSESION
1415,24390,NOVIO
1416,24391,NOVIO
1417,24392,NOVIO
1418,24393,NOVIO
1419,24394,NOVIO
1420,24395,NOVIO
1421,24396,NOVIO
1422,24397,NOVIO
1423,24398,NOVIO
1424,2440,TENER_POSESION
1425,2441,TENER_POSESION
1426,2442,TENER_POSESION
1427,2443,TENER_POSESION
1428,24435,PAPA
1429,24436,PAPA
1430,24437,PAPA
1431,24438,PAPA
1432,24439,PAPA
1433,2444,TENER_POSESION
1434,24440,PAPA
1435,24441,PAPA
1436,24442,PAPA
1437,24443,PAPA
1438,24444,PAPA
1439,24445,PAPA
1440,24446,PAPA
1441,2445,TENER_POSESION
1442,2446,TENER_POSESION
1443,2447,TENER_POSESION
1444,2448,TENER_POSESION
1445,2449,TENER_POSESION
1446,2450,TENER_POSESION
1447,24500,MAMA
1448,24501,MAMA
1449,24502,MAMA
1450,24503,MAMA
1451,24504,MAMA
1452,24505,MAMA
1453,24506,MAMA
1454,24507,MAMA
1455,24508,MAMA
1456,24509,MAMA
1457,24510,MAMA
1458,24511,MAMA
1459,24553,TENER_POSESION
1460,24554,TENER_POSESION
1461,24555,TENER_POSESION
1462,24556,TENER_POSESION
1463,24557,TENER_POSESION
1464,24558,TENER_POSESION
1465,24559,TENER_POSESION
1466,24560,TENER_POSESION
1467,24561,TENER_POSESION
1468,24562,TENER_POSESION
1469,24563,TENER_POSESION
1470,24564,TENER_POSESION
1471,24598,TENER_CURIOSIDAD
1472,24599,TENER_CURIOSIDAD
1473,24600,TENER_CURIOSIDAD
1474,24601,TENER_CURIOSIDAD
1475,24602,TENER_CURIOSIDAD
1476,24603,TENER_CURIOSIDAD
1477,24604,TENER_CURIOSIDAD
1478,24605,TENER_CURIOSIDAD
1479,24606,TENER_CURIOSIDAD
1480,24607,TENER_CURIOSIDAD
1481,24608,TENER_CURIOSIDAD
1482,24609,TENER_CURIOSIDAD
1483,24679,YO
1484,24680,YO
1485,24681,YO
1486,24682,YO
1487,24683,YO
1488,24684,YO
1489,24685,YO
1490,24686,YO
1491,24687,YO
1492,24688,YO
1493,24689,YO
1494,24690,YO
1495,24767,NOMBRE
1496,24768,NOMBRE
1497,24769,NOMBRE
1498,24770,NOMBRE
1499,24771,NOMBRE
1500,24772,NOMBRE
1501,24773,NOMBRE
1502,24774,NOMBRE
1503,24775,NOMBRE
1504,24776,NOMBRE
1505,24777,NOMBRE
1506,24778,NOMBRE
1507,24814,HOLA1
1508,24815,HOLA1
1509,24816,HOLA1
1510,24817,HOLA1
1511,24818,HOLA1
1512,24819,HOLA1
1513,24820,HOLA1
1514,24821,HOLA1
1515,24822,HOLA1
1516,24823,HOLA1
1517,24824,HOLA1
1518,24825,HOLA1
1519,24845,HOLA2
1520,24846,HOLA2
1521,24847,HOLA2
1522,24848,HOLA2
1523,24849,HOLA2
1524,24850,HOLA2
1525,24851,HOLA2
1526,24852,HOLA2
1527,24853,HOLA2
1528,24854,HOLA2
1529,24855,HOLA2
1530,24856,HOLA2
1531,24980,QUE_PASO_?
1532,24981,QUE_PASO_?
1533,24982,QUE_PASO_?
1534,24983,QUE_PASO_?
1535,24984,QUE_PASO_?
1536,24985,QUE_PASO_?
1537,24986,QUE_PASO_?
1538,24987,QUE_PASO_?
1539,24988,QUE_PASO_?
1540,24989,QUE_PASO_?
1541,24990,QUE_PASO_?
1542,24991,QUE_PASO_?
1543,25039,GRACIAS
1544,25040,GRACIAS
1545,25041,GRACIAS
1546,25042,GRACIAS
1547,25043,GRACIAS
1548,25044,GRACIAS
1549,25045,GRACIAS
1550,25046,GRACIAS
1551,25047,GRACIAS
1552,25048,GRACIAS
1553,25049,GRACIAS
1554,25050,GRACIAS
1555,25102,MUCHO_GUSTO
1556,25103,MUCHO_GUSTO
1557,25104,MUCHO_GUSTO
1558,25105,MUCHO_GUSTO
1559,25106,MUCHO_GUSTO
1560,25107,MUCHO_GUSTO
1561,25108,MUCHO_GUSTO
1562,25109,MUCHO_GUSTO
1563,2511,TENER_CURIOSIDAD
1564,25110,MUCHO_GUSTO
1565,25111,MUCHO_GUSTO
1566,25112,MUCHO_GUSTO
1567,25113,MUCHO_GUSTO
1568,2512,TENER_CURIOSIDAD
1569,2513,TENER_CURIOSIDAD
1570,2514,TENER_CURIOSIDAD
1571,2515,TENER_CURIOSIDAD
1572,2516,TENER_CURIOSIDAD
1573,2517,TENER_CURIOSIDAD
1574,2518,TENER_CURIOSIDAD
1575,2519,TENER_CURIOSIDAD
1576,2520,TENER_CURIOSIDAD
1577,2521,TENER_CURIOSIDAD
1578,2522,TENER_CURIOSIDAD
1579,25246,SIENTESE
1580,25247,SIENTESE
1581,25248,SIENTESE
1582,25249,SIENTESE
1583,25250,SIENTESE
1584,25251,SIENTESE
1585,25252,SIENTESE
1586,25253,SIENTESE
1587,25254,SIENTESE
1588,25255,SIENTESE
1589,25256,SIENTESE
1590,25257,SIENTESE
1591,25314,BANO
1592,25315,BANO
1593,25316,BANO
1594,25317,BANO
1595,25318,BANO
1596,25319,BANO
1597,25320,BANO
1598,25321,BANO
1599,25322,BANO
1600,25323,BANO
1601,25324,BANO
1602,25325,BANO
1603,25389,HOY
1604,25390,HOY
1605,25391,HOY
1606,25392,HOY
1607,25393,HOY
1608,25394,HOY
1609,25395,HOY
1610,25396,HOY
1611,25397,HOY
1612,25398,HOY
1613,25399,HOY
1614,25400,HOY
1615,25436,CASA
1616,25437,CASA
1617,25438,CASA
1618,25439,CASA
1619,25440,CASA
1620,25441,CASA
1621,25442,CASA
1622,25443,CASA
1623,25444,CASA
1624,25445,CASA
1625,25446,CASA
1626,25447,CASA
1627,25526,ESCUCHAR
1628,25527,ESCUCHAR
1629,25528,ESCUCHAR
1630,25529,ESCUCHAR
1631,25530,ESCUCHAR
1632,25531,ESCUCHAR
1633,25532,ESCUCHAR
1634,25533,ESCUCHAR
1635,25534,ESCUCHAR
1636,25535,ESCUCHAR
1637,25536,ESCUCHAR
1638,25537,ESCUCHAR
1639,25562,ATARDECER
1640,25563,ATARDECER
1641,25564,ATARDECER
1642,25565,ATARDECER
1643,25566,ATARDECER
1644,25567,ATARDECER
1645,25568,ATARDECER
1646,25569,ATARDECER
1647,25570,ATARDECER
1648,25571,ATARDECER
1649,25572,ATARDECER
1650,25573,ATARDECER
1651,25636,COLOR
1652,25637,COLOR
1653,25638,COLOR
1654,25639,COLOR
1655,25640,COLOR
1656,25641,COLOR
1657,25642,COLOR
1658,25643,COLOR
1659,25644,COLOR
1660,25645,COLOR
1661,25646,COLOR
1662,25647,COLOR
1663,25667,PROFESOR
1664,25668,PROFESOR
1665,25669,PROFESOR
1666,25670,PROFESOR
1667,25671,PROFESOR
1668,25672,PROFESOR
1669,25673,PROFESOR
1670,25674,PROFESOR
1671,25675,PROFESOR
1672,25676,PROFESOR
1673,25677,PROFESOR
1674,25678,PROFESOR
1675,25716,UNIVERSIDAD
1676,25717,UNIVERSIDAD
1677,25718,UNIVERSIDAD
1678,25719,UNIVERSIDAD
1679,25720,UNIVERSIDAD
1680,25721,UNIVERSIDAD
1681,25722,UNIVERSIDAD
1682,25723,UNIVERSIDAD
1683,25724,UNIVERSIDAD
1684,25725,UNIVERSIDAD
1685,25726,UNIVERSIDAD
1686,25727,UNIVERSIDAD
1687,25783,TELEVISOR
1688,25784,TELEVISOR
1689,25785,TELEVISOR
1690,25786,TELEVISOR
1691,25787,TELEVISOR
1692,25788,TELEVISOR
1693,25789,TELEVISOR
1694,25790,TELEVISOR
1695,25791,TELEVISOR
1696,25792,TELEVISOR
1697,25793,TELEVISOR
1698,25794,TELEVISOR
1699,25828,NOVIO
1700,25829,NOVIO
1701,25830,NOVIO
1702,25831,NOVIO
1703,25832,NOVIO
1704,25833,NOVIO
1705,25834,NOVIO
1706,25835,NOVIO
1707,25836,NOVIO
1708,25837,NOVIO
1709,25838,NOVIO
1710,25839,NOVIO
1711,25883,PAPA
1712,25884,PAPA
1713,25885,PAPA
1714,25886,PAPA
1715,25887,PAPA
1716,25888,PAPA
1717,25889,PAPA
1718,25890,PAPA
1719,25891,PAPA
1720,25892,PAPA
1721,25893,PAPA
1722,25894,PAPA
1723,25909,MAMA
1724,25910,MAMA
1725,25911,MAMA
1726,25912,MAMA
1727,25913,MAMA
1728,25914,MAMA
1729,25915,MAMA
1730,25916,MAMA
1731,25917,MAMA
1732,25918,MAMA
1733,25919,MAMA
1734,25920,MAMA
1735,25975,TENER_POSESION
1736,25976,TENER_POSESION
1737,25977,TENER_POSESION
1738,25978,TENER_POSESION
1739,25979,TENER_POSESION
1740,25980,TENER_POSESION
1741,25981,TENER_POSESION
1742,25982,TENER_POSESION
1743,25983,TENER_POSESION
1744,25984,TENER_POSESION
1745,25985,TENER_POSESION
1746,25986,TENER_POSESION
1747,26007,TENER_CURIOSIDAD
1748,26008,TENER_CURIOSIDAD
1749,26009,TENER_CURIOSIDAD
1750,26010,TENER_CURIOSIDAD
1751,26011,TENER_CURIOSIDAD
1752,26012,TENER_CURIOSIDAD
1753,26013,TENER_CURIOSIDAD
1754,26014,TENER_CURIOSIDAD
1755,26015,TENER_CURIOSIDAD
1756,26016,TENER_CURIOSIDAD
1757,26017,TENER_CURIOSIDAD
1758,26018,TENER_CURIOSIDAD
1759,26218,YO
1760,26219,YO
1761,26220,YO
1762,26221,YO
1763,26222,YO
1764,26223,YO
1765,26224,YO
1766,26225,YO
1767,26226,YO
1768,26227,YO
1769,26228,YO
1770,26229,YO
1771,26261,NOMBRE
1772,26262,NOMBRE
1773,26263,NOMBRE
1774,26264,NOMBRE
1775,26265,NOMBRE
1776,26266,NOMBRE
1777,26267,NOMBRE
1778,26268,NOMBRE
1779,26269,NOMBRE
1780,26270,NOMBRE
1781,26271,NOMBRE
1782,26272,NOMBRE
1783,26304,HOLA1
1784,26305,HOLA1
1785,26306,HOLA1
1786,26307,HOLA1
1787,26308,HOLA1
1788,26309,HOLA1
1789,26310,HOLA1
1790,26311,HOLA1
1791,26312,HOLA1
1792,26313,HOLA1
1793,26314,HOLA1
1794,26315,HOLA1
1795,26338,HOLA2
1796,26339,HOLA2
1797,26340,HOLA2
1798,26341,HOLA2
1799,26342,HOLA2
1800,26343,HOLA2
1801,26344,HOLA2
1802,26345,HOLA2
1803,26346,HOLA2
1804,26347,HOLA2
1805,26348,HOLA2
1806,26349,HOLA2
1807,26398,QUE_PASO_?
1808,26399,QUE_PASO_?
1809,26400,QUE_PASO_?
1810,26401,QUE_PASO_?
1811,26402,QUE_PASO_?
1812,26403,QUE_PASO_?
1813,26404,QUE_PASO_?
1814,26405,QUE_PASO_?
1815,26406,QUE_PASO_?
1816,26407,QUE_PASO_?
1817,26408,QUE_PASO_?
1818,26409,QUE_PASO_?
1819,26418,GRACIAS
1820,26419,GRACIAS
1821,26420,GRACIAS
1822,26421,GRACIAS
1823,26422,GRACIAS
1824,26423,GRACIAS
1825,26424,GRACIAS
1826,26425,GRACIAS
1827,26426,GRACIAS
1828,26427,GRACIAS
1829,26428,GRACIAS
1830,26429,GRACIAS
1831,26453,MUCHO_GUSTO
1832,26454,MUCHO_GUSTO
1833,26455,MUCHO_GUSTO
1834,26456,MUCHO_GUSTO
1835,26457,MUCHO_GUSTO
1836,26458,MUCHO_GUSTO
1837,26459,MUCHO_GUSTO
1838,26460,MUCHO_GUSTO
1839,26461,MUCHO_GUSTO
1840,26462,MUCHO_GUSTO
1841,26463,MUCHO_GUSTO
1842,26464,MUCHO_GUSTO
1843,26519,SIENTESE
1844,26520,SIENTESE
1845,26521,SIENTESE
1846,26522,SIENTESE
1847,26523,SIENTESE
1848,26524,SIENTESE
1849,26525,SIENTESE
1850,26526,SIENTESE
1851,26527,SIENTESE
1852,26528,SIENTESE
1853,26529,SIENTESE
1854,26530,SIENTESE
1855,26587,BANO
1856,26588,BANO
1857,26589,BANO
1858,26590,BANO
1859,26591,BANO
1860,26592,BANO
1861,26593,BANO
1862,26594,BANO
1863,26595,BANO
1864,26596,BANO
1865,26597,BANO
1866,26598,BANO
1867,26706,HOY
1868,26707,HOY
1869,26708,HOY
1870,26709,HOY
1871,26710,HOY
1872,26711,HOY
1873,26712,HOY
1874,26713,HOY
1875,26714,HOY
1876,26715,HOY
1877,26716,HOY
1878,26717,HOY
1879,26753,CASA
1880,26754,CASA
1881,26755,CASA
1882,26756,CASA
1883,26757,CASA
1884,26758,CASA
1885,26759,CASA
1886,26760,CASA
1887,26761,CASA
1888,26762,CASA
1889,26763,CASA
1890,26764,CASA
1891,268,HOLA1
1892,26810,ESCUCHAR
1893,26811,ESCUCHAR
1894,26812,ESCUCHAR
1895,26813,ESCUCHAR
1896,26814,ESCUCHAR
1897,26815,ESCUCHAR
1898,26816,ESCUCHAR
1899,26817,ESCUCHAR
1900,26818,ESCUCHAR
1901,26819,ESCUCHAR
1902,26820,ESCUCHAR
1903,26821,ESCUCHAR
1904,26860,ATARDECER
1905,26861,ATARDECER
1906,26862,ATARDECER
1907,26863,ATARDECER
1908,26864,ATARDECER
1909,26865,ATARDECER
1910,26866,ATARDECER
1911,26867,ATARDECER
1912,26868,ATARDECER
1913,26869,ATARDECER
1914,26870,ATARDECER
1915,26871,ATARDECER
1916,269,HOLA1
1917,26920,COLOR
1918,26921,COLOR
1919,26922,COLOR
1920,26923,COLOR
1921,26924,COLOR
1922,26925,COLOR
1923,26926,COLOR
1924,26927,COLOR
1925,26928,COLOR
1926,26929,COLOR
1927,26930,COLOR
1928,26931,COLOR
1929,26977,PROFESOR
1930,26978,PROFESOR
1931,26979,PROFESOR
1932,26980,PROFESOR
1933,26981,PROFESOR
1934,26982,PROFESOR
1935,26983,PROFESOR
1936,26984,PROFESOR
1937,26985,PROFESOR
1938,26986,PROFESOR
1939,26987,PROFESOR
1940,26988,PROFESOR
1941,270,HOLA1
1942,27022,UNIVERSIDAD
1943,27023,UNIVERSIDAD
1944,27024,UNIVERSIDAD
1945,27025,UNIVERSIDAD
1946,27026,UNIVERSIDAD
1947,27027,UNIVERSIDAD
1948,27028,UNIVERSIDAD
1949,27029,UNIVERSIDAD
1950,27030,UNIVERSIDAD
1951,27031,UNIVERSIDAD
1952,27032,UNIVERSIDAD
1953,27033,UNIVERSIDAD
1954,27063,TELEVISOR
1955,27064,TELEVISOR
1956,27065,TELEVISOR
1957,27066,TELEVISOR
1958,27067,TELEVISOR
1959,27068,TELEVISOR
1960,27069,TELEVISOR
1961,27070,TELEVISOR
1962,27071,TELEVISOR
1963,27072,TELEVISOR
1964,27073,TELEVISOR
1965,27074,TELEVISOR
1966,271,HOLA1
1967,27146,NOVIO
1968,27147,NOVIO
1969,27148,NOVIO
1970,27149,NOVIO
1971,27150,NOVIO
1972,27151,NOVIO
1973,27152,NOVIO
1974,27153,NOVIO
1975,27154,NOVIO
1976,27155,NOVIO
1977,27156,NOVIO
1978,27157,NOVIO
1979,27190,PAPA
1980,27191,PAPA
1981,27192,PAPA
1982,27193,PAPA
1983,27194,PAPA
1984,27195,PAPA
1985,27196,PAPA
1986,27197,PAPA
1987,27198,PAPA
1988,27199,PAPA
1989,272,HOLA1
1990,27200,PAPA
1991,27201,PAPA
1992,27237,MAMA
1993,27238,MAMA
1994,27239,MAMA
1995,27240,MAMA
1996,27241,MAMA
1997,27242,MAMA
1998,27243,MAMA
1999,27244,MAMA
2000,27245,MAMA
2001,27246,MAMA
2002,27247,MAMA
2003,27248,MAMA
2004,27281,TENER_POSESION
2005,27282,TENER_POSESION
2006,27283,TENER_POSESION
2007,27284,TENER_POSESION
2008,27285,TENER_POSESION
2009,27286,TENER_POSESION
2010,27287,TENER_POSESION
2011,27288,TENER_POSESION
2012,27289,TENER_POSESION
2013,27290,TENER_POSESION
2014,27291,TENER_POSESION
2015,27292,TENER_POSESION
2016,273,HOLA1
2017,27319,TENER_CURIOSIDAD
2018,27320,TENER_CURIOSIDAD
2019,27321,TENER_CURIOSIDAD
2020,27322,TENER_CURIOSIDAD
2021,27323,TENER_CURIOSIDAD
2022,27324,TENER_CURIOSIDAD
2023,27325,TENER_CURIOSIDAD
2024,27326,TENER_CURIOSIDAD
2025,27327,TENER_CURIOSIDAD
2026,27328,TENER_CURIOSIDAD
2027,27329,TENER_CURIOSIDAD
2028,27330,TENER_CURIOSIDAD
2029,27393,YO
2030,27394,YO
2031,27395,YO
2032,27396,YO
2033,27397,YO
2034,27398,YO
2035,27443,NOMBRE
2036,27444,NOMBRE
2037,27445,NOMBRE
2038,27446,NOMBRE
2039,27447,NOMBRE
2040,27448,NOMBRE
2041,27449,NOMBRE
2042,2745,YO
2043,27450,NOMBRE
2044,27451,NOMBRE
2045,27452,NOMBRE
2046,2746,YO
2047,2747,YO
2048,2748,YO
2049,27487,HOLA1
2050,27488,HOLA1
2051,27489,HOLA1
2052,2749,YO
2053,27490,HOLA1
2054,27491,HOLA1
2055,27492,HOLA1
2056,27493,HOLA1
2057,27494,HOLA1
2058,27495,HOLA1
2059,27496,HOLA1
2060,27497,HOLA1
2061,27498,HOLA1
2062,2750,YO
2063,2751,YO
2064,27513,HOLA2
2065,27514,HOLA2
2066,27515,HOLA2
2067,27516,HOLA2
2068,27517,HOLA2
2069,27518,HOLA2
2070,27519,HOLA2
2071,2752,YO
2072,27520,HOLA2
2073,27521,HOLA2
2074,27522,HOLA2
2075,27523,HOLA2
2076,27524,HOLA2
2077,27597,QUE_PASO_?
2078,27598,QUE_PASO_?
2079,27599,QUE_PASO_?
2080,27600,QUE_PASO_?
2081,27601,QUE_PASO_?
2082,27602,QUE_PASO_?
2083,27399,YO
2084,27400,YO
2085,27401,YO
2086,27402,YO
2087,27403,YO
2088,27404,YO
2089,2741,YO
2090,2742,YO
2091,2743,YO
2092,2744,YO
2093,27441,NOMBRE
2094,27442,NOMBRE
2095,27603,QUE_PASO_?
2096,27604,QUE_PASO_?
2097,27605,QUE_PASO_?
2098,27606,QUE_PASO_?
2099,27607,QUE_PASO_?
2100,27608,QUE_PASO_?
2101,27648,GRACIAS
2102,27649,GRACIAS
2103,27650,GRACIAS
2104,27651,GRACIAS
2105,27652,GRACIAS
2106,27653,GRACIAS
2107,27654,GRACIAS
2108,27655,GRACIAS
2109,27656,GRACIAS
2110,27657,GRACIAS
2111,27658,GRACIAS
2112,27659,GRACIAS
2113,27686,MUCHO_GUSTO
2114,27687,MUCHO_GUSTO
2115,27688,MUCHO_GUSTO
2116,27689,MUCHO_GUSTO
2117,27690,MUCHO_GUSTO
2118,27691,MUCHO_GUSTO
2119,27692,MUCHO_GUSTO
2120,27693,MUCHO_GUSTO
2121,27694,MUCHO_GUSTO
2122,27695,MUCHO_GUSTO
2123,27696,MUCHO_GUSTO
2124,27697,MUCHO_GUSTO
2125,27742,SIENTESE
2126,27743,SIENTESE
2127,27744,SIENTESE
2128,27745,SIENTESE
2129,27746,SIENTESE
2130,27747,SIENTESE
2131,27748,SIENTESE
2132,27749,SIENTESE
2133,27750,SIENTESE
2134,27751,SIENTESE
2135,27752,SIENTESE
2136,27753,SIENTESE
2137,27810,BANO
2138,27811,BANO
2139,27812,BANO
2140,27813,BANO
2141,27814,BANO
2142,27815,BANO
2143,27816,BANO
2144,27817,BANO
2145,27818,BANO
2146,27819,BANO
2147,27820,BANO
2148,27821,BANO
2149,27863,HOY
2150,27864,HOY
2151,27865,HOY
2152,27866,HOY
2153,27867,HOY
2154,27868,HOY
2155,27869,HOY
2156,27870,HOY
2157,27871,HOY
2158,27872,HOY
2159,27873,HOY
2160,27874,HOY
2161,27897,CASA
2162,27898,CASA
2163,27899,CASA
2164,27900,CASA
2165,27901,CASA
2166,27902,CASA
2167,27903,CASA
2168,27904,CASA
2169,27905,CASA
2170,27906,CASA
2171,27907,CASA
2172,27908,CASA
2173,27960,ESCUCHAR
2174,27961,ESCUCHAR
2175,27962,ESCUCHAR
2176,27963,ESCUCHAR
2177,27964,ESCUCHAR
2178,27965,ESCUCHAR
2179,27966,ESCUCHAR
2180,27967,ESCUCHAR
2181,27968,ESCUCHAR
2182,27969,ESCUCHAR
2183,27970,ESCUCHAR
2184,27971,ESCUCHAR
2185,280,HOLA1
2186,28030,ATARDECER
2187,28031,ATARDECER
2188,28032,ATARDECER
2189,28033,ATARDECER
2190,28034,ATARDECER
2191,28035,ATARDECER
2192,28036,ATARDECER
2193,28037,ATARDECER
2194,28038,ATARDECER
2195,28039,ATARDECER
2196,28040,ATARDECER
2197,28041,ATARDECER
2198,28065,COLOR
2199,28066,COLOR
2200,28067,COLOR
2201,28068,COLOR
2202,28069,COLOR
2203,28070,COLOR
2204,28071,COLOR
2205,28072,COLOR
2206,28073,COLOR
2207,28074,COLOR
2208,28075,COLOR
2209,28076,COLOR
2210,281,HOLA1
2211,28121,PROFESOR
2212,28122,PROFESOR
2213,28123,PROFESOR
2214,28124,PROFESOR
2215,28125,PROFESOR
2216,28126,PROFESOR
2217,28127,PROFESOR
2218,28128,PROFESOR
2219,28129,PROFESOR
2220,28130,PROFESOR
2221,28131,PROFESOR
2222,28132,PROFESOR
2223,2816,NOMBRE
2224,2817,NOMBRE
2225,2818,NOMBRE
2226,28189,UNIVERSIDAD
2227,2819,NOMBRE
2228,28190,UNIVERSIDAD
2229,28191,UNIVERSIDAD
2230,28192,UNIVERSIDAD
2231,28193,UNIVERSIDAD
2232,28194,UNIVERSIDAD
2233,28195,UNIVERSIDAD
2234,28196,UNIVERSIDAD
2235,28197,UNIVERSIDAD
2236,28198,UNIVERSIDAD
2237,28199,UNIVERSIDAD
2238,282,HOLA1
2239,2820,NOMBRE
2240,28200,UNIVERSIDAD
2241,2821,NOMBRE
2242,2822,NOMBRE
2243,2823,NOMBRE
2244,28234,TELEVISOR
2245,28235,TELEVISOR
2246,28236,TELEVISOR
2247,28237,TELEVISOR
2248,28238,TELEVISOR
2249,28239,TELEVISOR
2250,2824,NOMBRE
2251,28240,TELEVISOR
2252,28241,TELEVISOR
2253,28242,TELEVISOR
2254,28243,TELEVISOR
2255,28244,TELEVISOR
2256,28245,TELEVISOR
2257,2825,NOMBRE
2258,2826,NOMBRE
2259,2827,NOMBRE
2260,283,HOLA1
2261,28313,NOVIO
2262,28314,NOVIO
2263,28315,NOVIO
2264,28316,NOVIO
2265,28317,NOVIO
2266,28318,NOVIO
2267,28319,NOVIO
2268,28320,NOVIO
2269,28321,NOVIO
2270,28322,NOVIO
2271,28323,NOVIO
2272,28324,NOVIO
2273,28353,PAPA
2274,28354,PAPA
2275,28355,PAPA
2276,28356,PAPA
2277,28357,PAPA
2278,28358,PAPA
2279,28359,PAPA
2280,28360,PAPA
2281,28361,PAPA
2282,28362,PAPA
2283,28363,PAPA
2284,28364,PAPA
2285,28380,MAMA
2286,28381,MAMA
2287,28382,MAMA
2288,28383,MAMA
2289,28384,MAMA
2290,28385,MAMA
2291,28386,MAMA
2292,28387,MAMA
2293,28388,MAMA
2294,28389,MAMA
2295,28390,MAMA
2296,28391,MAMA
2297,284,HOLA1
2298,28434,TENER_POSESION
2299,28435,TENER_POSESION
2300,28436,TENER_POSESION
2301,28437,TENER_POSESION
2302,28438,TENER_POSESION
2303,28439,TENER_POSESION
2304,28440,TENER_POSESION
2305,28441,TENER_POSESION
2306,28442,TENER_POSESION
2307,28443,TENER_POSESION
2308,28444,TENER_POSESION
2309,28445,TENER_POSESION
2310,28471,TENER_CURIOSIDAD
2311,28472,TENER_CURIOSIDAD
2312,28473,TENER_CURIOSIDAD
2313,28474,TENER_CURIOSIDAD
2314,28475,TENER_CURIOSIDAD
2315,28476,TENER_CURIOSIDAD
2316,28477,TENER_CURIOSIDAD
2317,28478,TENER_CURIOSIDAD
2318,28479,TENER_CURIOSIDAD
2319,28480,TENER_CURIOSIDAD
2320,28481,TENER_CURIOSIDAD
2321,28482,TENER_CURIOSIDAD
2322,285,HOLA1
2323,2892,HOLA1
2324,2893,HOLA1
2325,2894,HOLA1
2326,2895,HOLA1
2327,2896,HOLA1
2328,2897,HOLA1
2329,2898,HOLA1
2330,2899,HOLA1
2331,2900,HOLA1
2332,2901,HOLA1
2333,2902,HOLA1
2334,2903,HOLA1
2335,2958,HOLA2
2336,2959,HOLA2
2337,2960,HOLA2
2338,2961,HOLA2
2339,2962,HOLA2
2340,2963,HOLA2
2341,2964,HOLA2
2342,2965,HOLA2
2343,2966,HOLA2
2344,2967,HOLA2
2345,2968,HOLA2
2346,2969,HOLA2
2347,3025,QUE_PASO_?
2348,3026,QUE_PASO_?
2349,3027,QUE_PASO_?
2350,3028,QUE_PASO_?
2351,3029,QUE_PASO_?
2352,3030,QUE_PASO_?
2353,3031,QUE_PASO_?
2354,3032,QUE_PASO_?
2355,3033,QUE_PASO_?
2356,3034,QUE_PASO_?
2357,3035,QUE_PASO_?
2358,3036,QUE_PASO_?
2359,3116,GRACIAS
2360,3117,GRACIAS
2361,3118,GRACIAS
2362,3119,GRACIAS
2363,3120,GRACIAS
2364,3121,GRACIAS
2365,3122,GRACIAS
2366,3123,GRACIAS
2367,3124,GRACIAS
2368,3125,GRACIAS
2369,3126,GRACIAS
2370,3127,GRACIAS
2371,3182,MUCHO_GUSTO
2372,3183,MUCHO_GUSTO
2373,3184,MUCHO_GUSTO
2374,3185,MUCHO_GUSTO
2375,3186,MUCHO_GUSTO
2376,3187,MUCHO_GUSTO
2377,3188,MUCHO_GUSTO
2378,3189,MUCHO_GUSTO
2379,3190,MUCHO_GUSTO
2380,3191,MUCHO_GUSTO
2381,3192,MUCHO_GUSTO
2382,3193,MUCHO_GUSTO
2383,326,HOLA2
2384,327,HOLA2
2385,328,HOLA2
2386,3288,SIENTESE
2387,3289,SIENTESE
2388,329,HOLA2
2389,3290,SIENTESE
2390,3291,SIENTESE
2391,3292,SIENTESE
2392,3293,SIENTESE
2393,3294,SIENTESE
2394,3295,SIENTESE
2395,3296,SIENTESE
2396,3297,SIENTESE
2397,3298,SIENTESE
2398,3299,SIENTESE
2399,330,HOLA2
2400,331,HOLA2
2401,338,HOLA2
2402,339,HOLA2
2403,340,HOLA2
2404,341,HOLA2
2405,342,HOLA2
2406,343,HOLA2
2407,3455,BANO
2408,3456,BANO
2409,3457,BANO
2410,3458,BANO
2411,3459,BANO
2412,3460,BANO
2413,3461,BANO
2414,3462,BANO
2415,3463,BANO
2416,3464,BANO
2417,3465,BANO
2418,3466,BANO
2419,3571,HOY
2420,3572,HOY
2421,3573,HOY
2422,3574,HOY
2423,3575,HOY
2424,3576,HOY
2425,3577,HOY
2426,3578,HOY
2427,3579,HOY
2428,3580,HOY
2429,3581,HOY
2430,3582,HOY
2431,3671,CASA
2432,3672,CASA
2433,3673,CASA
2434,3674,CASA
2435,3675,CASA
2436,3676,CASA
2437,3677,CASA
2438,3678,CASA
2439,3679,CASA
2440,3680,CASA
2441,3681,CASA
2442,3682,CASA
2443,3771,ESCUCHAR
2444,3772,ESCUCHAR
2445,3773,ESCUCHAR
2446,3774,ESCUCHAR
2447,3775,ESCUCHAR
2448,3776,ESCUCHAR
2449,3777,ESCUCHAR
2450,3778,ESCUCHAR
2451,3779,ESCUCHAR
2452,3780,ESCUCHAR
2453,3781,ESCUCHAR
2454,3782,ESCUCHAR
2455,3899,ATARDECER
2456,3900,ATARDECER
2457,3901,ATARDECER
2458,3902,ATARDECER
2459,3903,ATARDECER
2460,3904,ATARDECER
2461,3905,ATARDECER
2462,3906,ATARDECER
2463,3907,ATARDECER
2464,3908,ATARDECER
2465,3909,ATARDECER
2466,3910,ATARDECER
2467,4011,COLOR
2468,4012,COLOR
2469,4013,COLOR
2470,4014,COLOR
2471,4015,COLOR
2472,4016,COLOR
2473,4017,COLOR
2474,4018,COLOR
2475,4019,COLOR
2476,4020,COLOR
2477,4021,COLOR
2478,4022,COLOR
2479,4124,PROFESOR
2480,4125,PROFESOR
2481,4126,PROFESOR
2482,4127,PROFESOR
2483,4128,PROFESOR
2484,4129,PROFESOR
2485,4130,PROFESOR
2486,4131,PROFESOR
2487,4132,PROFESOR
2488,4133,PROFESOR
2489,4134,PROFESOR
2490,4135,PROFESOR
2491,415,QUE_PASO_?
2492,416,QUE_PASO_?
2493,417,QUE_PASO_?
2494,418,QUE_PASO_?
2495,4189,UNIVERSIDAD
2496,419,QUE_PASO_?
2497,4190,UNIVERSIDAD
2498,4191,UNIVERSIDAD
2499,4192,UNIVERSIDAD
2500,4193,UNIVERSIDAD
2501,4194,UNIVERSIDAD
2502,4195,UNIVERSIDAD
2503,4196,UNIVERSIDAD
2504,4197,UNIVERSIDAD
2505,4198,UNIVERSIDAD
2506,4199,UNIVERSIDAD
2507,420,QUE_PASO_?
2508,4200,UNIVERSIDAD
2509,421,QUE_PASO_?
2510,422,QUE_PASO_?
2511,423,QUE_PASO_?
2512,424,QUE_PASO_?
2513,425,QUE_PASO_?
2514,426,QUE_PASO_?
2515,4296,TELEVISOR
2516,4297,TELEVISOR
2517,4298,TELEVISOR
2518,4299,TELEVISOR
2519,4300,TELEVISOR
2520,4301,TELEVISOR
2521,4302,TELEVISOR
2522,4303,TELEVISOR
2523,4304,TELEVISOR
2524,4305,TELEVISOR
2525,4306,TELEVISOR
2526,4307,TELEVISOR
2527,4418,NOVIO
2528,4419,NOVIO
2529,4420,NOVIO
2530,4421,NOVIO
2531,4422,NOVIO
2532,4423,NOVIO
2533,4424,NOVIO
2534,4425,NOVIO
2535,4426,NOVIO
2536,4427,NOVIO
2537,4428,NOVIO
2538,4429,NOVIO
2539,4506,PAPA
2540,4507,PAPA
2541,4508,PAPA
2542,4509,PAPA
2543,4515,PAPA
2544,4516,PAPA
2545,4517,PAPA
2546,4518,PAPA
2547,4519,PAPA
2548,4520,PAPA
2549,4521,PAPA
2550,4522,PAPA
2551,4568,MAMA
2552,4569,MAMA
2553,4570,MAMA
2554,4571,MAMA
2555,4572,MAMA
2556,4573,MAMA
2557,4574,MAMA
2558,4575,MAMA
2559,4653,MAMA
2560,4654,MAMA
2561,4655,MAMA
2562,4656,MAMA
2563,4794,TENER_POSESION
2564,4795,TENER_POSESION
2565,4796,TENER_POSESION
2566,4797,TENER_POSESION
2567,4798,TENER_POSESION
2568,4799,TENER_POSESION
2569,4800,TENER_POSESION
2570,4801,TENER_POSESION
2571,4802,TENER_POSESION
2572,4803,TENER_POSESION
2573,4804,TENER_POSESION
2574,4805,TENER_POSESION
2575,4895,TENER_CURIOSIDAD
2576,4896,TENER_CURIOSIDAD
2577,4897,TENER_CURIOSIDAD
2578,4898,TENER_CURIOSIDAD
2579,4899,TENER_CURIOSIDAD
2580,4900,TENER_CURIOSIDAD
2581,4901,TENER_CURIOSIDAD
2582,4902,TENER_CURIOSIDAD
2583,4903,TENER_CURIOSIDAD
2584,4904,TENER_CURIOSIDAD
2585,4905,TENER_CURIOSIDAD
2586,4906,TENER_CURIOSIDAD
2587,500,GRACIAS
2588,501,GRACIAS
2589,502,GRACIAS
2590,503,GRACIAS
2591,504,GRACIAS
2592,505,GRACIAS
2593,506,GRACIAS
2594,507,GRACIAS
2595,508,GRACIAS
2596,509,GRACIAS
2597,510,GRACIAS
2598,511,GRACIAS
2599,5186,YO
2600,5187,YO
2601,5188,YO
2602,5189,YO
2603,5190,YO
2604,5191,YO
2605,5192,YO
2606,5193,YO
2607,5194,YO
2608,5195,YO
2609,5196,YO
2610,5197,YO
2611,5280,NOMBRE
2612,5281,NOMBRE
2613,5282,NOMBRE
2614,5283,NOMBRE
2615,5284,NOMBRE
2616,5285,NOMBRE
2617,5286,NOMBRE
2618,5287,NOMBRE
2619,5288,NOMBRE
2620,5289,NOMBRE
2621,5290,NOMBRE
2622,5291,NOMBRE
2623,5414,HOLA1
2624,5415,HOLA1
2625,5416,HOLA1
2626,5417,HOLA1
2627,5418,HOLA1
2628,5419,HOLA1
2629,5420,HOLA1
2630,5421,HOLA1
2631,5422,HOLA1
2632,5423,HOLA1
2633,5424,HOLA1
2634,5425,HOLA1
2635,5482,HOLA2
2636,5483,HOLA2
2637,5484,HOLA2
2638,5485,HOLA2
2639,5486,HOLA2
2640,5487,HOLA2
2641,5488,HOLA2
2642,5489,HOLA2
2643,5490,HOLA2
2644,5491,HOLA2
2645,5492,HOLA2
2646,5493,HOLA2
2647,5575,QUE_PASO_?
2648,5576,QUE_PASO_?
2649,5577,QUE_PASO_?
2650,5578,QUE_PASO_?
2651,5579,QUE_PASO_?
2652,5580,QUE_PASO_?
2653,5581,QUE_PASO_?
2654,5582,QUE_PASO_?
2655,5583,QUE_PASO_?
2656,5584,QUE_PASO_?
2657,5585,QUE_PASO_?
2658,5586,QUE_PASO_?
2659,5652,GRACIAS
2660,5653,GRACIAS
2661,5654,GRACIAS
2662,5655,GRACIAS
2663,5656,GRACIAS
2664,5657,GRACIAS
2665,5658,GRACIAS
2666,5659,GRACIAS
2667,5660,GRACIAS
2668,5661,GRACIAS
2669,5662,GRACIAS
2670,5663,GRACIAS
2671,5716,MUCHO_GUSTO
2672,5717,MUCHO_GUSTO
2673,5718,MUCHO_GUSTO
2674,5719,MUCHO_GUSTO
2675,5720,MUCHO_GUSTO
2676,5721,MUCHO_GUSTO
2677,5722,MUCHO_GUSTO
2678,5723,MUCHO_GUSTO
2679,5724,MUCHO_GUSTO
2680,5725,MUCHO_GUSTO
2681,5726,MUCHO_GUSTO
2682,5727,MUCHO_GUSTO
2683,580,MUCHO_GUSTO
2684,5809,SIENTESE
2685,581,MUCHO_GUSTO
2686,5810,SIENTESE
2687,5811,SIENTESE
2688,5812,SIENTESE
2689,5813,SIENTESE
2690,5814,SIENTESE
2691,5815,SIENTESE
2692,5816,SIENTESE
2693,5817,SIENTESE
2694,5818,SIENTESE
2695,5819,SIENTESE
2696,582,MUCHO_GUSTO
2697,5820,SIENTESE
2698,583,MUCHO_GUSTO
2699,584,MUCHO_GUSTO
2700,585,MUCHO_GUSTO
2701,6059,BANO
2702,6060,BANO
2703,6061,BANO
2704,6062,BANO
2705,6063,BANO
2706,6064,BANO
2707,6065,BANO
2708,6066,BANO
2709,6067,BANO
2710,6068,BANO
2711,6069,BANO
2712,6070,BANO
2713,6277,HOY
2714,6278,HOY
2715,6279,HOY
2716,6280,HOY
2717,6281,HOY
2718,6282,HOY
2719,6283,HOY
2720,6284,HOY
2721,6285,HOY
2722,6286,HOY
2723,6287,HOY
2724,6288,HOY
2725,6377,CASA
2726,6378,CASA
2727,6379,CASA
2728,6380,CASA
2729,6381,CASA
2730,6382,CASA
2731,6383,CASA
2732,6384,CASA
2733,6385,CASA
2734,6386,CASA
2735,6387,CASA
2736,6388,CASA
2737,6471,ESCUCHAR
2738,6472,ESCUCHAR
2739,6473,ESCUCHAR
2740,6474,ESCUCHAR
2741,6475,ESCUCHAR
2742,6476,ESCUCHAR
2743,6477,ESCUCHAR
2744,6478,ESCUCHAR
2745,6479,ESCUCHAR
2746,6480,ESCUCHAR
2747,6481,ESCUCHAR
2748,6482,ESCUCHAR
2749,6622,ATARDECER
2750,6623,ATARDECER
2751,6624,ATARDECER
2752,6625,ATARDECER
2753,6626,ATARDECER
2754,6627,ATARDECER
2755,6628,ATARDECER
2756,6629,ATARDECER
2757,6630,ATARDECER
2758,6631,ATARDECER
2759,6632,ATARDECER
2760,6633,ATARDECER
2761,6731,COLOR
2762,6732,COLOR
2763,6733,COLOR
2764,6734,COLOR
2765,6735,COLOR
2766,6736,COLOR
2767,6737,COLOR
2768,6738,COLOR
2769,6739,COLOR
2770,6740,COLOR
2771,6741,COLOR
2772,6742,COLOR
2773,683,SIENTESE
2774,684,SIENTESE
2775,6842,PROFESOR
2776,6843,PROFESOR
2777,6844,PROFESOR
2778,6845,PROFESOR
2779,6846,PROFESOR
2780,6847,PROFESOR
2781,6848,PROFESOR
2782,6849,PROFESOR
2783,685,SIENTESE
2784,6850,PROFESOR
2785,6851,PROFESOR
2786,6852,PROFESOR
2787,6853,PROFESOR
2788,686,SIENTESE
2789,687,SIENTESE
2790,688,SIENTESE
2791,689,SIENTESE
2792,690,SIENTESE
2793,691,SIENTESE
2794,6914,UNIVERSIDAD
2795,6915,UNIVERSIDAD
2796,6916,UNIVERSIDAD
2797,6917,UNIVERSIDAD
2798,6918,UNIVERSIDAD
2799,6919,UNIVERSIDAD
2800,692,SIENTESE
2801,6920,UNIVERSIDAD
2802,6921,UNIVERSIDAD
2803,6922,UNIVERSIDAD
2804,6923,UNIVERSIDAD
2805,6924,UNIVERSIDAD
2806,6925,UNIVERSIDAD
2807,693,SIENTESE
2808,694,SIENTESE
2809,7012,TELEVISOR
2810,7013,TELEVISOR
2811,7014,TELEVISOR
2812,7015,TELEVISOR
2813,7016,TELEVISOR
2814,7017,TELEVISOR
2815,7018,TELEVISOR
2816,7019,TELEVISOR
2817,7020,TELEVISOR
2818,7021,TELEVISOR
2819,7022,TELEVISOR
2820,7023,TELEVISOR
2821,7122,NOVIO
2822,7123,NOVIO
2823,7124,NOVIO
2824,7125,NOVIO
2825,7126,NOVIO
2826,7127,NOVIO
2827,7128,NOVIO
2828,7129,NOVIO
2829,7130,NOVIO
2830,7131,NOVIO
2831,7132,NOVIO
2832,7133,NOVIO
2833,7229,PAPA
2834,7230,PAPA
2835,7231,PAPA
2836,7232,PAPA
2837,7233,PAPA
2838,7234,PAPA
2839,7235,PAPA
2840,7236,PAPA
2841,7237,PAPA
2842,7238,PAPA
2843,7239,PAPA
2844,7240,PAPA
2845,7288,MAMA
2846,7289,MAMA
2847,7290,MAMA
2848,7291,MAMA
2849,7292,MAMA
2850,7293,MAMA
2851,7294,MAMA
2852,7295,MAMA
2853,7296,MAMA
2854,7297,MAMA
2855,7298,MAMA
2856,7299,MAMA
2857,7391,TENER_POSESION
2858,7392,TENER_POSESION
2859,7393,TENER_POSESION
2860,7394,TENER_POSESION
2861,7395,TENER_POSESION
2862,7396,TENER_POSESION
2863,7397,TENER_POSESION
2864,7398,TENER_POSESION
2865,7399,TENER_POSESION
2866,7400,TENER_POSESION
2867,7401,TENER_POSESION
2868,7402,TENER_POSESION
2869,7470,TENER_CURIOSIDAD
2870,7471,TENER_CURIOSIDAD
2871,7472,TENER_CURIOSIDAD
2872,7473,TENER_CURIOSIDAD
2873,7474,TENER_CURIOSIDAD
2874,7475,TENER_CURIOSIDAD
2875,7476,TENER_CURIOSIDAD
2876,7477,TENER_CURIOSIDAD
2877,7478,TENER_CURIOSIDAD
2878,7479,TENER_CURIOSIDAD
2879,7480,TENER_CURIOSIDAD
2880,7481,TENER_CURIOSIDAD
2881,7688,YO
2882,7689,YO
2883,7690,YO
2884,7691,YO
2885,7692,YO
2886,7693,YO
2887,7694,YO
2888,7695,YO
2889,7696,YO
2890,7697,YO
2891,7698,YO
2892,7699,YO
2893,7751,NOMBRE
2894,7752,NOMBRE
2895,7753,NOMBRE
2896,7754,NOMBRE
2897,7755,NOMBRE
2898,7756,NOMBRE
2899,7757,NOMBRE
2900,7758,NOMBRE
2901,7759,NOMBRE
2902,7760,NOMBRE
2903,7761,NOMBRE
2904,7762,NOMBRE
2905,7835,HOLA1
2906,7836,HOLA1
2907,7837,HOLA1
2908,7838,HOLA1
2909,7839,HOLA1
2910,7840,HOLA1
2911,7841,HOLA1
2912,7842,HOLA1
2913,7843,HOLA1
2914,7844,HOLA1
2915,7845,HOLA1
2916,7846,HOLA1
2917,7884,HOLA2
2918,7885,HOLA2
2919,7886,HOLA2
2920,7887,HOLA2
2921,7888,HOLA2
2922,7889,HOLA2
2923,7890,HOLA2
2924,7891,HOLA2
2925,7892,HOLA2
2926,7893,HOLA2
2927,7894,HOLA2
2928,7895,HOLA2
2929,7965,QUE_PASO_?
2930,7966,QUE_PASO_?
2931,7967,QUE_PASO_?
2932,7968,QUE_PASO_?
2933,7969,QUE_PASO_?
2934,7970,QUE_PASO_?
2935,7971,QUE_PASO_?
2936,7972,QUE_PASO_?
2937,7973,QUE_PASO_?
2938,7974,QUE_PASO_?
2939,7975,QUE_PASO_?
2940,7976,QUE_PASO_?
2941,8064,GRACIAS
2942,8065,GRACIAS
2943,8066,GRACIAS
2944,8067,GRACIAS
2945,8068,GRACIAS
2946,8069,GRACIAS
2947,8070,GRACIAS
2948,8071,GRACIAS
2949,8072,GRACIAS
2950,8073,GRACIAS
2951,8074,GRACIAS
2952,8075,GRACIAS
2953,8116,MUCHO_GUSTO
2954,8117,MUCHO_GUSTO
2955,8118,MUCHO_GUSTO
2956,8119,MUCHO_GUSTO
2957,8120,MUCHO_GUSTO
2958,8121,MUCHO_GUSTO
2959,8122,MUCHO_GUSTO
2960,8123,MUCHO_GUSTO
2961,8124,MUCHO_GUSTO
2962,8125,MUCHO_GUSTO
2963,8126,MUCHO_GUSTO
2964,8127,MUCHO_GUSTO
2965,8187,SIENTESE
2966,8188,SIENTESE
2967,8189,SIENTESE
2968,8190,SIENTESE
2969,8191,SIENTESE
2970,8192,SIENTESE
2971,8193,SIENTESE
2972,8194,SIENTESE
2973,8195,SIENTESE
2974,8196,SIENTESE
2975,8197,SIENTESE
2976,8198,SIENTESE
2977,821,BANO
2978,822,BANO
2979,823,BANO
2980,824,BANO
2981,825,BANO
2982,826,BANO
2983,827,BANO
2984,828,BANO
2985,8282,BANO
2986,8283,BANO
2987,8284,BANO
2988,8285,BANO
2989,8286,BANO
2990,8287,BANO
2991,8288,BANO
2992,8289,BANO
2993,829,BANO
2994,8290,BANO
2995,8291,BANO
2996,8292,BANO
2997,8293,BANO
2998,830,BANO
2999,831,BANO
3000,832,BANO
3001,8375,HOY
3002,8376,HOY
3003,8377,HOY
3004,8378,HOY
3005,8379,HOY
3006,8380,HOY
3007,8381,HOY
3008,8382,HOY
3009,8383,HOY
3010,8384,HOY
3011,8385,HOY
3012,8386,HOY
3013,8514,CASA
3014,8515,CASA
3015,8516,CASA
3016,8517,CASA
3017,8518,CASA
3018,8519,CASA
3019,8520,CASA
3020,8521,CASA
3021,8522,CASA
3022,8523,CASA
3023,8524,CASA
3024,8525,CASA
3025,8612,ESCUCHAR
3026,8613,ESCUCHAR
3027,8614,ESCUCHAR
3028,8615,ESCUCHAR
3029,8616,ESCUCHAR
3030,8617,ESCUCHAR
3031,8618,ESCUCHAR
3032,8619,ESCUCHAR
3033,8620,ESCUCHAR
3034,8621,ESCUCHAR
3035,8622,ESCUCHAR
3036,8623,ESCUCHAR
3037,8717,ATARDECER
3038,8718,ATARDECER
3039,8719,ATARDECER
3040,8720,ATARDECER
3041,8721,ATARDECER
3042,8722,ATARDECER
3043,8813,COLOR
3044,8814,COLOR
3045,8815,COLOR
3046,8816,COLOR
3047,8817,COLOR
3048,8818,COLOR
3049,8819,COLOR
3050,8820,COLOR
3051,8821,COLOR
3052,8822,COLOR
3053,8823,COLOR
3054,8824,COLOR
3055,8825,COLOR
3056,8826,COLOR
3057,8827,COLOR
3058,8828,COLOR
3059,8829,COLOR
3060,8830,COLOR
3061,8918,PROFESOR
3062,8919,PROFESOR
3063,8920,PROFESOR
3064,8921,PROFESOR
3065,8922,PROFESOR
3066,8923,PROFESOR
3067,8924,PROFESOR
3068,8925,PROFESOR
3069,8926,PROFESOR
3070,8927,PROFESOR
3071,8928,PROFESOR
3072,8929,PROFESOR
3073,923,HOY
3074,9236,UNIVERSIDAD
3075,9237,UNIVERSIDAD
3076,9238,UNIVERSIDAD
3077,9239,UNIVERSIDAD
3078,924,HOY
3079,9240,UNIVERSIDAD
3080,9241,UNIVERSIDAD
3081,9242,UNIVERSIDAD
3082,9243,UNIVERSIDAD
3083,9244,UNIVERSIDAD
3084,9245,UNIVERSIDAD
3085,9246,UNIVERSIDAD
3086,9247,UNIVERSIDAD
3087,925,HOY
3088,926,HOY
3089,927,HOY
3090,928,HOY
3091,93,YO
3092,94,YO
3093,9429,TELEVISOR
3094,9430,TELEVISOR
3095,9431,TELEVISOR
3096,9432,TELEVISOR
3097,9433,TELEVISOR
3098,9434,TELEVISOR
3099,9435,TELEVISOR
3100,9436,TELEVISOR
3101,9437,TELEVISOR
3102,9438,TELEVISOR
3103,9439,TELEVISOR
3104,9440,TELEVISOR
3105,95,YO
3106,9520,NOVIO
3107,9521,NOVIO
3108,9522,NOVIO
3109,9523,NOVIO
3110,9524,NOVIO
3111,9525,NOVIO
3112,9526,NOVIO
3113,9527,NOVIO
3114,9528,NOVIO
3115,9529,NOVIO
3116,9530,NOVIO
3117,9531,NOVIO
3118,96,YO
3119,9623,PAPA
3120,9624,PAPA
3121,9625,PAPA
3122,9626,PAPA
3123,9627,PAPA
3124,9628,PAPA
3125,9629,PAPA
3126,9630,PAPA
3127,9631,PAPA
3128,9632,PAPA
3129,9633,PAPA
3130,9634,PAPA
3131,9693,MAMA
3132,9694,MAMA
3133,9695,MAMA
3134,9696,MAMA
3135,9697,MAMA
3136,9698,MAMA
3137,9699,MAMA
3138,97,YO
3139,9700,MAMA
3140,9701,MAMA
3141,9702,MAMA
3142,9703,MAMA
3143,9704,MAMA
3144,98,YO
3145,9801,TENER_POSESION
3146,9802,TENER_POSESION
3147,9803,TENER_POSESION
3148,9804,TENER_POSESION
3149,9805,TENER_POSESION
3150,9806,TENER_POSESION
3151,9807,TENER_POSESION
3152,9808,TENER_POSESION
3153,9809,TENER_POSESION
3154,9810,TENER_POSESION
3155,9811,TENER_POSESION
3156,9812,TENER_POSESION
3157,9865,TENER_CURIOSIDAD
3158,9866,TENER_CURIOSIDAD
3159,9867,TENER_CURIOSIDAD
3160,9868,TENER_CURIOSIDAD
3161,9869,TENER_CURIOSIDAD
3162,9870,TENER_CURIOSIDAD
3163,9871,TENER_CURIOSIDAD
3164,9872,TENER_CURIOSIDAD
3165,9873,TENER_CURIOSIDAD
3166,9874,TENER_CURIOSIDAD
3167,9875,TENER_CURIOSIDAD
3168,9876,TENER_CURIOSIDAD
